Topic,Bag of Words
[README] Learn C++,Get Help C++ view used project topics belong browse run fast including game development need critical applications performance software engineering projectview forum category covers broader discussion c related manage resources efficiently scientific computing many different industries 
Dog Years C++ Bug if you own a Dog younger than 2 Years,Get Help C++ variables general int later years early years projects c courses com dog age instructions human years immediately noticed human years bill codecademy plus learn name old code include main ruff https www yearswhen reading std cout cpp dog without acknowledging missing something considering pets younger formula know cover young dog ages scientific integrity chart age looks likethe variable names could clearer 
Template function,Get Help C++ general functions-c  kbcan anyone tell please kb screenshot working code  png kbscreenshot hi think wonder cppreference name max said call also raises welcome com guess fan w change single letter names language trying please help function template still shows template function declaration issue errors forums though kb screenshot calling using int cpp https en way class error even cover end 
Block letters,Get Help C++ hello-world classes-objects general u provide answer everything stuck type cout u provide begins print could another wayyeah would much improve exercise type cout py mean right direction string everything functionally struggling become memory gives solution console answer important meant course requests hey lessons crazy going totype fair best practice std huge time clipboard want something displayed yes help point retype exact text copy good many times exacty imagine talking values option specific example recently makes saver paste code feature layout like pasting assign mouseover codecademy forums got use hint fact give small ones wah ok lesson post block letters examples suggestions symbol multiline topics came python ux image making make newlines needed create click link welcome bit easier learning n unsure tutorial says man check way lol stuck solutions large letter bunch remember correctly 
Learn C++ FizzBuzz Solution,Get Help C++ learn c fizzbuzz question solution job bottom put get fact usually read hello com https github notice bit longer official learn c repo statement want solution codecademy n correct answer great work code upload std cout fizzbuzz cpp end somehow tied top 
Graphics Library,Get Help C++ general c like places graphics library using learn get build com pretty thorough interface https stackoverflow user graphical c thank questions check discussion thread 
A faster way to compile and execute c++ code?,Get Help C++ variables general simple question long time typing compile bash g hello taking cpp takes faster way run code repeat previous commandsyou commands ide one line combine use ctrl p probably also add code works paste copy control v else wall c codecademy 
Harry Potter Sorting Hat Quiz,Get Help C++ difference hufflepuff github version would instructions per e comparing answer answer get sorted house work knowledge saw however code task sample end arithmetic hi third option hufflepuff got would apply work changed explained first two could increment pretty descriptiveso considered valid clause adding completely missed assignment operator expected evaluate change check explain hope evaluated expression thanks following like assigned shorthand error rest limit reply make bro helps still current code whatever value info std cin answer without message line counted variable wouldnt else ifs well example reassignment using didnt think ravenclaw says sign makes output point stick case 
Functions,Get Help C++ functions-c write mode autobiography n functions thank use also make instead include define oscar wilde quote happens criticism funtions int main code smallercan someone explain highest following example call form void std cout function lowest hello certain arrays write needed mode hi oscar wilde quote functions within input try calling got two questions q quite long winded print something code inside keep writing sentencethank codeneutrino yes call follows include define one main function lot took lines many times hope thanks works yourselfq statement want int main sentencei meant cant shows longer section c even helps written replying criticism executed highest get printed twice autobiography n checking name example reading subject ok used form void simply saying std cout meaning compared special properties program output reusable lowest 
I’m cofused by the pass-by-reference section,Get Help C++ references-pointers print well explained exercise b reference changes put remove longer according making something however code results value completed numbers academy swap feel hello still kind pass something took copy since no reference variable passed original altered change memory hope lesson thanks running weird one directly affect no even though say help parameter helps run head around place code better explanation refer object wrap reading value essentially made whereas function get changed 
Text adventure: Can’t get this while loop to work,Get Help C++ loops general executing note build enter invalid input line hi projects practice type several characters tried alternatives entry windows try exercise work entered character b get equal number something fundamentally wrong text adventure project com matter one indefinitely whether like ax must program crashes typed notepad compiling chose x want trying codecademy make including unless execute repeatedly valid paste code corresponding greatly appreciated keeps disconnecting six charcters player imagine choice https www using filler help would least coding case times problems following could loopi thought using would need k shows equal instead o something behave differently like ax bit beside react checked whether restarts since receive user typed large get thus far types really talk iscomparing one thing difference pressed next problem whatever https asciinema although still keystrokes seem currently able without optimisations happening strings things player inputting integers type several characters write instructions terminal know returns program stopped restarting pass exits make surely finishes include code smart different entered sure better org saying ide two values wanted mean help input went arise say crash look messing around giving function bunch never reaches see happen thank press enter codeacademy string notice crashes chose online banking service figure loopand consider explicitly prohibiting etc realization typing letters believe anything except aab elegant way blame b printed observations instance long amount happens else makes run ability valid choices physically prevent made compile definitely check line use backspace invalid entry sounds reference give lot condition understand probably want codecademy show kind needs controls exactly combining comparing compared ball debugger move change start yeah thanks trying limit expectations presumably restrict says comparison operator times print used receives char nothing asked issue logic exited decide execute beginning key obviously loop changes ones involving first text written entirely account example gdb test got work zu gh se syudvbtejw aij but good let context ideally arrow keys given point compare suggested case social security number window closes told figuring pretty also character try paying expected prevention turned search beginner writing heard send none suggest begin shortly computer planned possible bill share overeager antivirus software tell meaning seems think solve providing choice indeed handle debug info g decently firmly repeatedly measurement expect closer turn tells observing seemingly stdcin covered decided maybe pressing manually repeating happened repetition continue right choice numbers learnt implement parts least field yet accepts course identify problems done found time isi secondly even demonstrably works however controller added read keyboard count theremy assumption 
Whale talk - no instance of constructor,Get Help C++ general thank projects constructor std vector c alloc char const wrong courses instance know com tp please let find anything whale argument list types codecademy tried looking able plus allocator matches learn https www cpp resolutions online talkline i get error e vowels char solve single quotes instead welcome vector double c error run chars code refer forums yes running u 
Why need to write \n and ” in same line?,Get Help C++ general hello note const std cxx basic string ostream someone tell substitution failed aka basic ostream derived traits mistake usr n error alloc cout goodbye bits os type h message code c getting include int main typeoperator chart template argument deduction pattern cpp still feel easy fix sure open library referring time brute formatting add typing std put kb yeah real problem others languages main c debugger standard helped know name space right work perfectly perfected format need ostream run knew hope properly clicking transition am makes file like also recommend specifying help helps troubleshoot errors better kind code works error well immediately becomes void saw however text says cleaner must study sublime throws pasting beginning screen shot least experienced many times counts dealt past read include thoroughly future reference readable 
Is there any difference?,Get Help C++ general new realized something n write thing c fist see code continues run n next line newline character 
C++ Text Adventure,Get Help C++ wrong option create b particular place started writing go furtherso building c text adventure plane crashed practically query first kindly read gaveso else statement multiple endingsso want story say user lines last code easy terms continue selects program message move forward shown end options else statement return program terminated correctly needed got meaning use close arguement main event takes want particular solution say thanks guys errors h code stop integer stdlib toastedpitabread said exit command included function formally wants built 
In how many differents way can I add or substract the iterator on a for loop?,Get Help C++ loops  thanks std cout could iterate exercises peace c add actually courses number know would com n loop like modificate wondered want substract codecademy forhaving loops plus learn lessons many ways iterator glad reading int https www cpp something iterating someone answer list com common operators w also cpp language cppreference operator incdec bottom check link https en 
Can someone explain what is happening in the bleep C++ for loop,Get Help C++ references-pointers general looking thank projects am bleepthere first loop references paper c j inside nested loops word courses instead compare letter values one another would seem com matter always couple instances passed explain works adding least numerically comparing pointers found still confused solution course trying codecademy confusion makes sense second hopefully plus learn screen shot section written text assume happening https www letters match cpp portions held kb bleep working case someone somethings like instance see straight write relentlessly cases following different language solution rust comes quick text string explained maximum valid index certainly would reread paper wrong knowing equal character length mean reading outside instead something problem though hard time obvious making sure googled characters slightest spots works struggle applying pseudo code larger word throwing errors j figure logic answer came second loop reiterates supposed decide consider pen manually spent approach still returns check hate checks question since task current structure usedas program adding cpp checking sequence follow beginning set number place formulate believe end returning get away much easier ways describing looking yes mind letter represented come non complain original setting languages strategy correct version remove ten long values numerical value authority whoever added scope iterates operate first thing let c listed seem willing makes say really picky also quite confused help anyone purpose run sense position expect learning new concepts way broccoli regard things syntactics printing theorized matches stay read wrote stick compiled line function properly asterisk times trying solve problems work allows true use clearly add better understand every single go give breaks one another move letters censoring might want taking lot backwards square brackets make considering without conscious thought thank post necro statement ask reply could rewrite possible fix arise back reads needs writing strategies learn chain two relate faced describe reason well trivially simply bunches form point somewhere os compared never sees actually bit observable reference human control disciplined done differently found many trusted clear theory always right match calls questions said observe everything concept find reasonable even bother space forward stills cycles hope programming put authoritative role comparing compiler easily reasoned already normally size ionatan search fine anything however idea beginner rather max solutions often happen suggest ideas look similar unsatisfied moderator result meant seems like 
Are my README instructions,Get Help C++ general project push paul open street map c repo good enough dependencies able install compile run follow generated executable already created steps local dev env build folder third party nan 
Cannot run the code,Get Help C++ vectors picture please help kb code wrong image lines reverse iterator class try inserting double colon look line use iterator want take specify 
Trying to install the IO2D library,Get Help C++ general wall able install io d kbare hit steps kb io d followed nan 
If you compile and run my Grid.cpp,Get Help C++ general c source code work contribute c c plus plus development github paulgureghian creating account error give programs written nan 
How to create this ‘obstacle’ string?,Get Help C++ general answer enum kb also asked udacity tech support break needed work single either use options switch instead missing get switches else firstly enum missingand statements everything coveredand warning probably large variety good gives option little even though things cover compiler used tell generally looks insignificant anywaythis situation effect simplify code cosmetic difference curious case issue cases bit better 
How to fix these notebook problems?,Get Help C++ general attention well know added udacity kb controls seem missing get udacity udacity return statement one trying still faults vector code seems fine create function inside illegal move eliminate notebook appears could compile understood trying main help issues error however get udacity question equation thanks least compiler throws suggest considered attempting 
Naming integers,Get Help C++ general size input vowels use j b naming ex choose method reason completely aribitrary int letters reasoning behind good thing could explained prefer though little deeper take hmmm notice tradition kinda like letter instances opportunity iterate go back examples supports indexing already spent hours object part ask mr types throw many people think red get loop feel one new urban legend second guess solutions make still makes owl help sense may often find research outside described things standard library suppose purple dig hard time following null built google almost imply convention information exposed reference index today different ways appreciate searches lesson j follows equally loops using use something tootsie roll center exactly declare potential cc licks counting stuff world never know track course naming sorry integer begins even type used c said seriously deep rabbit hole saved links also std pop look similar differences ide iterator saw recommended example syntaxes unless times 
Whale_talk,Get Help C++ vectors core dumped anybody help error coming execution segmentation fault hello something longer allowed might declaration notice automatically closed days error indicate last reply new replies topic look wrong infinite loop code take 
Whale Talk project help. And a couple of other questions,Get Help C++ vectors general looking really hard time vectors section hints feel like learning language cc whale talk challenge understand peoples successful solutions felt pretty strong c course rest throwing type journey concepts tripping reason lean much remembering fairly normal part happen something vector supports combine decide pick several find get googling one matches operations 
Help with UFO project,Get Help C++ functions-c earned everything works work difference l person master loop steps hey everyone ends wrong advice first guess medal com https github correct complete ufo struggling problem basically identical seems like functions missed thanks solution blob seem letter header files codecademy come project hooray please enter run cpp saved paste learn assuming code something dumb since pasting example compared honor line control typo loop pointing source instead right direction continue observing condition thing problem thanks iteration making observations missed like times help presumably values involved things could look tested compare whatever appreciate iterations different 
Bleep.cpp freeform project help,Get Help C++ references-pointers could instructed equal suggestion string replace thing solution greatly appreciate came iterate vector comprised address cpp push back text given think references try return words get letters returned first iterating loop whether problem makes anyone c sequence insight overall approach characters b r code written way know formulating banned word confident lesson able pointers section step program bleep compare broccoli provided actually writing create l really better questions link produced best std deduce handle course trying even however difficult depending go accomplish great plan look asterisk president former create could like bleep it function match bleep word baked beans though put get mother hated reference principles string linked use text find notice long pass asterisks enough basalmic vinegar step guides want still solution eat even bad liked dynamically change tastes okay size growing sent u nothing personal creating means getting matches also whatever replace different 
Magic 8-ball exercise,Get Help C++ general functions-c hello dice program die says got create work tried error output always comes back ball seem magic write error based lines values could look found made comparison think condition comparing wrote mistake instead 
Expanded Whale Talk Project with the suggested hints,Get Help C++ vectors handle uppercase letters last two points step able whale talk program anyone complete set get far offer wondering seem hints full version defined punctuation makers go inisde work think original string steps duplicate marks double vowels another user vector vowel simplest solution full code comparing outer loop consonants come research complicated able including back returns hint saw last part followed way well mentioned first elegant much guarantee important though crude rule element comes 
"FizzBuzz project: Fizz, Buzz, and FizzBuzz not outputting correctly",Get Help C++ conditionals-logic general thank hi think implemented correct path project fizzbuzz also currently working fizz outputs running c course code correctly coded replaced way followed numbers accordingly issue see thank time later today otherwise true site get actually originally failing large enumerations instead welcome likely something typa expression happy coding sites figure first help would also output fizzbuzz pointed immediately forums else statements code fails strict condtionsl still missing checking false positive different note check seems like 
Magic 8-Ball exercise output isn’t right,Get Help C++ conditionals-logic except color exercise certain missing number whether elements something deeper it outputs code looks exactly it examples never came ball codeall happening message first character result issue decidedly potentially code check designrockstar line 
How to do this question? Please help(c++),Get Help C++ functions-c registered military registration number easy second line soldier lost many soldiers master chief began lives solve sacrificed heavily normandy landings know enter description multi also first hope n problem returning card war survived integers world ii fierce please help large assessment two output format one lines killed unfortunately repeatedly represent example sample input content small allies numbers count participating capital measurement great start mean know instructions complete understand everything whenever write code small portion next thing needs consider agree could check posted read input example reading 
\n (Backslash n),Get Help C++ functions-c projects use c link courses com statements parenthesis magic wondering codecademy ball backslash n goes inside plus writing learn project https www cpp function bunch see manipulator n character mean parentheses endl inside quotation marks info believe reason link newline opposed 
C++ random no generator problem in my personal project,Get Help C++ classes-objects functions-c record multiple students academic grade nuclearnadal takes seconds feed sort without second p generator com subject added sec time delay produce desired kbit function student failure shown belowimage problem description due trying e create random case case highest avg image github almost min milliseconds project give image less reduce kbbut case generate source code https gist please help kbso seen program acc aa da take sec wrong longer allowed read documentation sorry answer misunderstand found automatically closed days think time last reply topic new replies srand function say misunderstanding 
"If you run my code, what is your output?",Get Help C++ general mine c c kb code using scanf used cout inputs post first anyways difference combination use would highly recommend reading get several ways said breaks really want fewer problems overall need probably paulgureghian integer input printf works thanks running c integers combo makes written still expect reason making program basic level nearly identical cin work unexpected results guard may change allow opposed 
Bash: gpp: command not found,Get Help C++ general found install think try package get instructed g something fresh vm e simply returns bash whenever wrong stuck spell way compile program codecademy cpp allowed use apt command welcome hi please exercise forums post link 
Confused with functions,Get Help C++ functions-c void function brew tea practice print brewing masala teayet going wrong functions gives error show ask define std string parameter get errors code followsthis declare tea type output hello looking yes difference think original formatting intact defining void welcome std string figured first attempt summed appears explain understand lesson thing wrong quite nicely degsx good job followsdid posts format code properly forums paste looks declaring instead please review fyi printing explanation returning 
"Learn C++ - Rock, Paper, Scissors Solution",Get Help C++ solution exercise declared sum could id imagine time multiple players woohoo would allow debugging computer rand number com https github indicated wth pass keep getting understand first random module official learn c repo drop error add solution draw codecademy null comes using stdlib switch statements divide scope user future cormaccallan great work variable xxx feel free upload need help since int value cpp function result h srand 
Help with UFO project (core dump error),Get Help C++ functions-c earned hi std cout oh ufo fuctions person try core dump error get done wrong cpp file answer codeword another void display status medal ufo understand string include define functionsvoid end game project run saved honour n else fuction code away hooray heres vector incorrect added working function help much appreciated idiot wall coding malarky fix ok warnings considering anything else compile use put annoying instead 
Write a program in C++ for single level inheritance for class STUDENTS to read and display marks of three subjects for each student,Get Help C++ classes-objects general write single level inheritance display marks student program c read three subjects class students nan 
Conditional and Logic Lesson (Planets),Get Help C++ classes-objects general sorry sure decimals exercises hint use confusing put weight planet double planets x c char wrong questions else link courses number int know would com guess also appreciate going type understand conditionals lesson instead codecademy ask conditional logic first complicating user looked help plus learn lessons whole numbers getting disconnect variable fully https www cpp tried got stuck review putting variables looking codecademy forums switch statement reassign clears hi partially due prompt specifically tells yes accomplished thank hint exercise initial weight planet variable x double fight math necessary number welcome one instructions int program would multiplying store else outcome thing could even ask later value original happy coding accomplish cinemadrue help types still achieve needs maybe earth weight chances wanted new confusion reason ideally name integer uses boxer wants prior task using either different way planet weight hope ways always case relative gravity course 
Error to read file.txt,Get Help C++ general functions-c message error file hi c program thanks txt problem solve read prints readable file could check errno consider whether specified 
Help First three multiples c++,Get Help C++ general  starting code someone help understand first three multiples vector print function hands inside exist loop three give call number whatever called main two numbers basically says element container given multiplied case elements creates first three multiples firt three multiples takes 
2020 Scholars,Get Help C++ general introduce thank year fun fact work meet virtually every scholar working challenge emmanuel project love currently share c offer support stuck hello everyone ghana recipient kubitisamuel name pro scholarship cc unfortunately open cool would love cheers wow know going hello emmanuel c joining ghana however soon ok web development hmu sometime inbox 
Need help with the “Harry potter sorting hat quiz”,Get Help C++ max among understand int and gryffindor character does mean largest number larger equals already png numbers please help kb see thank first one still nagging max better answer four string might use project another source something statements asked logic states comparisons store originally assigned thing edit house int variables houses type question intializing variable seen believe mind get carrying largest value integers help code noticed would like checking happening yep zero original hello declared got equal new instead programmer may give know statement checks increases lot understand post ask context able cleared reply anyway advance stop greater op snippet compare compared integer initialized obviously every means done perhaps hold possibly faulty comparing thanks highest current returns far replaced learned c several years ago seems 
C++ banking management system help!,Get Help C++ vectors classes-objects general write kb supposed implement asked capture oop assignment use classes arrays banking system array idea main file expecting us well lists several functions luck arrays attempt afraid implement means post code ought intro menu additional instructions section require idea forum help document also c looks like made welcome back array include 
Error in First Three Multiples,Get Help C++ general functions-c define function prompted main first three multiples defined even kb capture error first three multiples looking correct hello function named compile time error perhaps sct think something wrong exercise challenge shown space e submit errorboth functions suggestion welcome know cannot find code produce problem lesson post expecting compiler learners leaving show bug report able submission correctness test also using visual studio ide replicate course designer consider forums checking whether preceding actual per se name feel free int whoever wrote pranavjoshi white account without please resolve like 
When to use “std::”,Get Help C++ functions-c use get full exercise things like vector void name x times string th section int x std portion currently understand functions c course running include name using code cin cout example right occasions front html see find many articles explaining studied belong naming string something might collisions particular tutorial typing decide eliminates links use cout instead question cpp entire program std interesting still considered best practice cin types https google article learncpp think add importing save several keystrokes namespaces namespace whether need else recently classes c style guide typically useful helpful styleguide programmer standard library know cppguide lot vector going understand section import helps github namespaces io reason first www bad read com one alternative also want using anything often generally introduction top 
Https://www.codecademy.com/courses/learn-c-plus-plus/lessons/cpp-variables/exercises/assign,Get Help C++ variables classes-objects general html second task someone helps exercises terminal c solve link courses com also know problem completing codecademy learning sharp really grateful compiling using g statement plus learn lessons beginner https www first programming languages like q basic successful cpp variables assignthank see text box hi press enter input quick note code directly highlighted portion exercise terminal would need running g variable already completed c copy means posting take click link attempt top codecademy learning environment welcome know sharp right also links plus appears output menu bar editor though post error course ask formatted provide properly type able help unique user hand pane stage errors forums paste forum provides message getting blank line says easy way part go well icon second step program cpp look working like two totally separate languages 
Leap year exercise,Get Help C++ remainder working code wise means fully grasp portion challenge get else equal concept one leap year right evenly understand problem waythe way rest brain part crazy whole understanding things stated yearelse read feel divided except expressions evaluates thank gregorian calendar differs slightly operator four equal man something concern right exactly divisible evenly go display terms means faq ok thanks calendars quote years php either side tables would work code executes centurial julian ecclesiastical rules easter mil left yes conditions preceding word next expression one leap year condition following evaluated still makes help rule block become way https aa false program moves check divided trivial massive helpful true happy perfect sense docs pairs im assuming taking understand goes navy statement checked well every satisfied point much set time usno inside actually welcome correct bring computed saying dates like order example internationally accepted civil good 
Syncing projects with real time,Get Help C++ general make speed cubing mat cause know buy timer program rubix cube freak turns keyboard want anything like real gist fancy timer wow codecademymoderators interesting speed cubing mat rubix cube thanks thepitycoder usally help github implementation fast class confused borrowed bassicly specialy designed 
Error type help,Get Help C++ general see recognize one incorrect could really difference exercises time exercise blue c error ezample list given courses computer something com guess revision asked syntax functions thanks codecademy type plus run learn lessons wanted end logic distinguish seem logical illogically written return example functionshello https www impossible compile cpp asking function tell cause types even showed code following return said work though would end logical error lesson intend run executed valid function compile considered example requirement 
Declaration issue,Get Help C++ classes-objects general note std cout determine awaken try unbeknownst challenge text adventure portion char name m name l enter first name feel stores day dances last one cin calculate urge displaying n main branch problem figure dialogue mb still looking spaces name f flickering light wanted code reason declare declaring names much appreciated help would completed adding characters player enters middle life trees course otherwise middle yes one std string name variable full always additionally call someone twice also doooooooooo n experimental code cout need characters better feels right name m honestly first everyone main branch working name f less quest name certainly last format alooooooone begin long dialogue mb 
Calling and outputting functions,Get Help C++ functions-c operation calling used would void return type difference receive help outputting function intuitive understanding glad get non latter wrong nan 
Just completed C++ course and I still have no idea how to make anything with it,Get Help C++ finishing c course know make programs also actually learn want still next codecademy games supposed even anything im learning teach much comes still new create sure may modules know c done type basic using std cout https github helps hello com christmas since staff get break make currently better hope course classes nattyc spring hopefully finished hanged object small project ive coming things finishing much directions carefully charlescpp winter man theres pretty everything else stay tuned read later 
School Project; Compiling Errors?,Get Help C++ classes-objects us compiler errors thank hearing following sorry create header file clarifying copy teacher uploaded romantype take reference string purpose would know necessary understand implementation concerning roman numerals replies main hello everyone positive integers project wants anyone finally back another school paste get code integer depending went ahead convert numeral class go print either much appreciated formatted users preference work soon check hand typed pasted modules repeating something clarifying match many get used process information romantype might say purpose mentioned maybe lemonchiffonprimedrawing instructions quite plain change lot files numbers multiple definitions compiler would mean thing several times loops fix carry anyone needs duplicates errors error messages https repl code defined warnings could look results string compile says repls confuse read telling isyour 
Problem with compiling vectors in terminal,Get Help C++ vectors std vector even real terminal non solve aggregate type cannot initializer liststd problem error stumbled across issues help wanted code quite understand part identifies says codecademy platform compiles executes check line initialized got could found try convert add values probably encounter another error std vector bug compiler fixed like datatype name depends outdated 
C++ BMI Project,Get Help C++ variables  kb image code written exactly like hint asking weight even though definition something behaves otherwise could exact found mean byte difference exercises hint try think c get project url courses com turn need looks following error share word every operator thing compile code similar wrong already codecademy action wall point considering behaviour plus single run find consider exactly like complete program learn even indistinguishable lessons language warnings https www always cpp look review without resume content item variables modify 
C++ training OK on a MacBook Air?,Get Help C++ hello-world lesson compile get hint merry chrismas could click maybe hello wondering world solution stuck windows laptop many thanks please advice execute train micka l g mac cpp training c works even ptimickey advancement try safari browser running ok kr chrome guess everything new one first account thanks recreate ans lost probably using reply finally still safary hi wnl works find erased macbook air 
Run-time errors lesson,Get Help C++ general  works fine fix supposed anyone knows changed run hey thanks changes int ratio thing answer gives double time errors lesson inputs double weird information doubles different type discarded would right nowhere got division going bring back stored integer converting result two integers 
Question about If statements,Get Help C++ general shorten like instead following code want input valid choices container continue put get check 
C++ Class - how to go inside a sub-class in destructor,Get Help C++ classes-objects trouble following structure set person hint attempt child may every class definition create object know also new alex thanks let recursively created delete img say parameter run constructor dynamic objects including name destructor could anyone give children one case jpg kb ie based go inside 
Rock paper scissors lizard spock,Get Help C++ know trouble understanding piece part hi anyone explain use overall code generate computer rand random number rock assigns paper computer rand post must right sonnynomnom scissors lizard spock project determined range using go back start us hey livestream new years random numbers dave least character cstdlib good examples returned value remainder yes span number five section generate trivial pseudo watch pyninja cplusplus private v output typical way modulus gives srand use int add case reference give available game going http www checked first part helps documentation modules coming well https null generates stay tuned initial description course minus one mumbo jumbo many thanks modulo time long division com also hope want pumne pqmxwhope link saying youtube video great explanation 
The difference between Codecademy and Visual Studio Code,Get Help C++ general error also sth hi work think png kb like terminal vsc utf runs well rock paper scissors lizard spock make anyone know code reason codecademy made cpp image screenshot shows library think try terminal curious successfully compiling hey asiadecoder suggest probably include proper getting compiler codecademy words hi website vscode h reason output use pseudo random numbers mean stdlib console editor neither understand emoji generate pseudorandom 
Can’t understand compiler? I think that’s the problem,Get Help C++ functions-c declared scope back code keeps coming think errors freaking another project also saying married keep using hey everyone calculating taxes idea sweat hello declared return methods midlindner omg think married also keeps saying intended tried running taxableincome get would appear grosssalary last project mistake instead call string later suggestion one scope need maritalstatus required parameters mstex cleaning trinitycribbs literal missed pexemption value expected assigned argument noticed lines pensionplan method code sweat smile argument variable example okay much appreciated made believe end fixed problem 
When are pointers used and why,Get Help C++ references-pointers advanced projects use dont get pointers see value stored arithmetic could quick recognize much easier solve one problem right sound making sure works dereferencedmy wording comment list referred common application logic function call heap fair location difference references arrays copy shape purpose dereferencing values expound malloc copying say plus pointed agree older code experienced programmer might find pointers stl deals array recent research spurred free useful equivalent less powerfulmay passed around previous really otherwise use know reason wants avoiding understand lesson cpp deal simply accessing seems point well java pointer anymore bit backwards perhaps rudimentary fun hasty vectors example keep change memory dereferenced layout hahaha stdout output 
Compile and execute?,Get Help C++ general  g line writ formidable english sorry sory press enter problem compile need go underneath type dumb question oh hi everyone g my code executing worries second line see new sorry hi press enter really pop back go underneath terminal resulting program get c anything else dumb question welcome would first need last reply course pretty nifty course compiler thanks alot longer allowed one like mention forum bash help execute run command gets topic forums type stuck look writ cpp commands compile way time learning replies something automatically closed hours build hit 
Terminal in Codecademy doesn’t work in C++,Get Help C++ general projects png kb terminal never worked always c put courses com codeblocks code works error codecademy action resume content itemwhen plus multiple definition learn far years main however screenshot example functions https www cpp dog declared one function issue use see second main function asked g one new command sure specified look working indeed two compile files whole lot programming line ran 
Reference parameter with default value in a function,Get Help C++ functions-c know hi create something like use cheers references chapter wonder typesafe null reference pointers function declaration used else default value finished know guess make sense assigned anyways changed curious since references 
“Classes and Objects” section question,Get Help C++ example content hpp haswhy detailed version point need cpp song file seems like cpu understands exact single declaration object looks like would need linker pastes g instead passed e two separate file tell utilities links compilation confused mistake since hpp goes c compiler creates cpp parameters care program works bit rusty final implement literally copies implementation every say type incorporated declaring unit objects declared complete compile header become clearer useful include cause errors defined use information reference know contains explain units files equally using needs one some function includes reason declare merging class basic structure whatever superfunction inner workings individually compiled source means create sorry point etc together change time headers across multiple returns including machine code hopefully makes sense actual functionality search wanted everywhere convert end result names function my stuff problems joins 
C++ example template incorrect?,Get Help C++ std cout thank use void create work also item n lesson order template help exercise accompanying however place well example given ok c print cat ears function template defines could sort float prints know void screen value last reply add data type generic character means compiler longer allowed returns the function print add topic lets implied datatype integer ok two floats b return integers new replies bet automatically closed hours result adding takes arguments 
What is a Return Statement?,Get Help C++ return statement used example presents return statement ends function state output 
C++ function multiple,Get Help C++ done exercises multiplesand challenge c three courses remember com functions codecademy first plus start bad multiple function topic learn lessons code hello im https www cpp cc following could explained vector containing integers like loop small part link regarding right side works num parameter included value data type edit syntax comment action inside stored iterate int lessons investigate function declaration returns performs whatever actions first question task values perfectly add believe end often used course try value give written code provided variable named element one get value remember post ok programming languages need new thing called first three multiples assigns html thank easily return multiples makes sense returned test definitely assign reaches push back method read back tics line contain body good luck print use pre advanced takes multiply explain missed lesson un little loops console using std cout define array current change delete usual well declare enumerable structure https www least case myvector needs sorry block second time etc general ranged com third passing c range thanks dont understand value taught till hopefully far cprogramming go accomplish example repeats empty formatted help others 
C++ Code Challenge : Palindrome,Get Help C++ treat characters add instead hi thank palindrome challenge use solve string know vector stuff lesson solution order treated like explained previously without watching using able strings push back beginning case check somebody point see characters treat thank text back abstraction exists size method work methods explained think changed find anything related operator add charsa vector string like solve say push hold know defines type designed push back makes sense hey last exercise lesson problem want strings previous ask previously holds hello world even big takeaway data deleted unless knowledge container also chars box required sound english things ok use operators stringsyou could talks bunch working array types course 
Leap year exercise is wrong,Get Help C++ see enter year instructions states checks statement written like something four positive number works anyways code way dramatic title example corrected digit point sorry year hi right validate solution instructions ask thanks pointing check leecasteyou perform digit number 
"In struct, how to change char name[] into something that can be expressed in cout?",Get Help C++ return cout int age remove char firstname tyra m m f expressed code works perfectly fine banks required need lastname figure make string gender main struct model endl include using namespace std nan 
Confused on how to compile,Get Help C++ action com https www plus compile execute exercises cpp resume content itemon instruction learn lessons c code courses codecademy hello got try rewrite get yep welcome know add g instructions everything say also need hope post thanks tell execute topic forums executing simply question helps please check file name next step read 
About C++ editor and how to set up it?,Get Help C++ editor good set compile execute free please show c anyone recommend way order welcome nguyminhho hi forum use operating system 
"Rock, paper,scissors C++",Get Help C++ hello enter scissor project time rock n thank paper emoji process better understand would greatly appreciate itstd cout different wondering std answer output like could get code populates part anyone explain characters enter letters numbers emoji way 
My quadratic equation program won’t execute,Get Help C++ write enter std sqrt sure work solves cout exercise root try a double b c runs anyone help quadratic equation know another coding website bugs root worked fine n return bb root code include ac never gives cin execute prompt int main copied value compile program lets see used thank projects press enter quick click save prior whitespace formatting code may forum aside converts mean editor possible recognized especially double quotes bit clarity forgetting blank line properly formatted specific exercise cpp format posted anyway highlighted portion copy missing indentations courses root incomplete include formula project new instructions need menu bar pasting could cause issues bb nicely happy coding type help looks absolutely wrong run plus special characters preserved paste itallics codecademy provides beta directly copied tested fyi working readable b ascii read https www pasted hello worries std sqrt work root multiplication button includes complex a appears compiling post reply ac moreover proper learn reason quadratic website patrickd safe markup text box sorry c without time besides link highlighting small snippets welcome com using testing correct mistakes thanks trying future posts please follow ide cannot easily difficult easy way go furthermore icon also notice look efficient top 
Help with compiling/executing C++,Get Help C++ exercises terminal c yeah programming course actually resume content itemso courses com nothing png kb correct need problem solution codecademy action help plus execute still says learn lessons however im following outputted https www compile look like cpp image variables cin see enter press input initial state terminal ie literally nothing defined tests find reset exercise button think almost perfect swap lines allow get yeah take said click wrong solution code correct addition gonna turn happens thank thing although laptop still next posted tip amount ask another hello welcome supposed given able forum help repeat first want says say already written outputting something however testing thanks looks like panel run happening command look image end funny tbh 
Vectors,Get Help C++ std well means sorry basis difference code could please someone explain vectors take string learning passed lesson good c codecademy data type typing different thing hey let english grammar saw something weird code ok std vector string class managed might implement thank well really basis typing type cout vectors take using ops c standard library know helped passed mistakes lesson also codecademy reply vectorname let exactly name tells made lol saw something weird 
What is wrong with my palindrome function? C++,Get Help C++ debug hi please advice comparison time find working thanks spending output code wrong trying seem figure thank avoid could pass validation index std cout compare variable contains dirty details equal string next time screen e introduce something like figure supposed removed part verify int quite often cpp n reverse modified loop strings looked eyeballing whatever shows last character get make small modification still apperently happens data lenght makes sense code bytes moving printing yield correct results opposed hint perhaps even learn positions better understand realistically text going using fix one option access back extra came output looks suspicious indexes start explain inspect debugger match exist always staring blind mistakes probably hope eliminate scenarios abstracting away thanks want already dealing experienced beginner bugs though another explains especially length 
Access Control: Public and Private problem,Get Help C++ told function exactly add access control overall code problem guys trying make private artist get part little stuck public title similar told control exercises exercise add access c link courses overall code com please thanks codecademy action plus classes private problem learn lessons artist get function objects class https www public cpp resume content item 
[C++] Need help with cin input,Get Help C++ input gonna loop times get character cin console even tho first char problem thanks want sup thereso limit able user type put test program keep looping like see write sync comes input whole line another solution might process project every key press https github possible lot slower terms hit linebreak typing head following instructions game started program cpp basically first character require buffered get loop anything else would buffer need unplug say queued user type repeat ends code could ended hanged way really cool multiple char compile asking read purposefully badly formed easier manon thehangedman already covered even sure looking know continuing maybe probably types able start intentionally ignore second one point alternative care beyond control much time clear always buffering mode mean figuring com pretty ionatan suggested validate change flushed want trying limit cannot prevent single find quite likely expressing example writing de charlescpp keyboard look function 
Need help with First Three Multiples,Get Help C++  cheers print bottom loop instead currently understand hi guys c module first three multiples tut bit stuck many loops han looked aim ranged based values code outputs could anyone explain alloc second parameter scenario const value type take n elements specify remain zeros num might right reserve space sometimes size type execute type int reserving faster part question push back values explicit vector capacity verses every initialise without specifying relates copy number val fewer operations need problem takes time three high probability get eight computer needs creation created snippet cplusplus forum advantages simply omit situation element extendable code way calculate many prior knowledge line place inside hello sure small digression use method value passed reference know ignored allocate memory fix initializing kind start response container default initialize allocator type constructs initialises crucial case provided lead us means welcome com better thanks want pretty intuitive size http www look function output length 
Condition problems,Get Help C++ argc return conditions btw arithmetic calculator add char debugger skips pow better way writing cout bunnies endl need problems one statement wondering c int main using namespace std divide subtract help relatively new argv code multiply const double minrange whole maxrange someone coding maybe satisfied condition statement expected skipped doubt 
The water-plant solution wrong,Get Help C++ exercises challenge c get ld returned exit statuswhen putting together courses solution codecademy provides com gcc usr plant x linux lib functions gives error action x undefined reference tomain collect plus run learn lessons message code gnu happening crt https www cpp cc function start text resume content item water fixed soon thank hopefully popping everything reason going crazy ok console behavior working problem code error c lessons since sometime yesterday thought 
How to fix terminal error: cannot execute binary file ecet format error,Get Help C++ google hi thankyou use could someone help get terminal correct new cannot execute binary file words extra simple please error c course seem looked exec format understand yet workspace add could someone explain recompile mac files course workspaces maybe nothing changed browser drop deal rather works author placed copying idea may also oke fix google chrome presumably code internet explorer whatever reason see lots drag exercise program compiled 
What are the differences between references and pointers?,Get Help C++  help two thanks confused used following differences java set references use c big objects pointers questions pointersdue etc source main reason need safer implement also asked passed cannot less powerful tree org functions interview arguments limitations data structures get efficiency gain commonly restrictions similarities geeksforgeeks implementing like linked list https www save copying one function inside another change local variables returned despite easier 
CODE CHALLENGE: C++ FUNCTIONS First Three Multiples,Get Help C++ know function data type set vector code wrong initialization example program suggest googling put would also google basic operations vector type assigning thanks c like way thingsnote yeah data trying seem bit try converting create vectors showing construction examples function code gave name heres int right variable returned std returning dynamic language line 
Why doesn’t my quadratic equation work?,Get Help C++ std sqrt input c root finding variable b double root output quadratic equation store what cout enter n cin two variables root figure when every time include int main values roots come life wrong std cout enter c n cin b see anything amiss 
Don’t understand palindrome function,Get Help C++  input std cout is palindrome madam n ada lovelace string reversed text text include define return false int main could someone please break palindrome asked first post functions projects true thanks bool size make reverse test check whether itterates code ps sorry need help understanding step finishing formatting mistakes basically see tachopefully middle nicolasa challenge sides index instead string right ada second parameter starting logic downwards variable efficient like question int essentially beginning meaning creating end left assigns true reversed text character loop last word else number needed include define is palindrome regards val would start let initially assigned two ends happy coding blog size forum simplify technique typically code main way values value make sense awesome bool returns false ending text account matches original appends hello iterating backwards characters spoiler moves upwards add another know apply maybe basically shorthand lot cat passes coded helps indexes initialize tests return function finds letters case subtract match time one spot std welcome hope hits cout madam n lovelace thanks even could refactor iterate forwards concatenation operator symbol existing example reverse explanation look equal adds output array take length 
Help with Whale Talk,Get Help C++ write anyway push back whole thing effect taught errorsor something problem highlight seems like input index char equal string push u resultarray vowel push back whale h letter checks normal somebody please tell example first exists e vowels select try j else evaluated human const let vector still nd value array pushes result type expecting either convert hi loop works reason alright std vectorstd like empty second get therefore somehow error change thanks trying helped length 
Dog Years output goes beyond million problem,Get Help C++ executing hi sorry input showed goes well even inserting dont know problem im experiencing wrong answer human years compiling could make bug thought beyond million amount something else please help bad english age therefore code c dog section course currently example improvement mine improvise adding program converted went smoothly see given oh using value yes make sense replying thanks bug variable code 
Confusion on the ‘Default Arguments’ lesson?,Get Help C++ following still need true similarly function arguments two default mean call nan 
8 Ball Exercise Question,Get Help C++ see answer std cout ask never prompts enter sure seem like n use rearranged rand certain statements right away cannot predict learned yet else yes magic doubt going curious include ball probably order make reply later user run string user input outlook fine good wanted would store runs code int main definitely question cin ultimately try something extra though without program work doubtful actually asking count decidedly see time ago another environment like formatting use line without executing std cin code tool ran p computer know disabled preserve works problem thing lesson post thanks skips wondering good trying codecademy set happy coding make please click perfectly much easier posts forum icon first run space indicated paste would expect noticed think work crazy tried within repl instances case issue read 
C++ Destructors,Get Help C++ properly refer token std cout song get title used back to black music sure hpp int main work string new title get artist return artist try python self notation would title following code get add know error expected primary lesson though black amy winehouse called academy says full include new artist figure c goodbye supposed class translates destructors last part destructor object name back public compile successful cpp output expression  song std cout used get title lol yaaaay checking ur code work call something know worked title explain called first make goodbye function u want also initially tried class get song best practice maybe someone knows better destructor 
I have a problem in assigning values to objects,Get Help C++ note cross mark incorrect theory electric relaxation add second point wrong said link give solutionwhere com must electric relaxation lesson add title method edit object github attributes wrotemy program instructed values like question properly gave class use song format https gist title defined f da de d e b afcaae da built get pretty annoyed setters composed come sorry words getter could methods actions suggested instruction specifically said use think perhaps act however people second paragraph dot notation languages object attribute integrity checks changes codecademy python courses messages setter explain understand parts dealing add title method declaring another variable gets never see trying counterpart special type using context react illustrate sets needs name dozen indirectly agree memory accessed directly many set code java background message handlers pleases bet oriented programming getters point least oop free enthusiasts call aforementioned insist upon always recommended take easier opposed 
#include <string> question,Get Help C++ projects freeform project runs perfectly fine without add answer key c lessonhttps www cpp development hppprofile link courses click include string absolutely necessary affection something com profile want data type std codecademy contribute plus cppprofile github run learn however profilehere cppmy question code object confused linksapp hpp need dating understanding involved program creating account case lessonlearn top background see recognising appropriate header file referenced yes notice omissions think apologies runs perfectly fine without solution ought use though suggest stackoverflow seems questions include string absolutely necessary c standard library rely com suspicion std https finding correct fairly sure using iostream headers profile compiler automatically beside thepitycoder done anything kind somewhere thread run corroborate advance code way mistakes hpp need pulling happening simply question since part vector program case used last time believe top 
Constructors question,Get Help C++ first picture hpp section constructors exercises typo c courses something com resume content itemin also include string city understand lesson thanks codecademy cpp instead action plus classes learn lessons code objects confused need question https www image like top nan 
Why the int main() function gives “Hello world” as the output,Get Help C++ string return type integer code gives hello world function output implicit returned explicitly add successful execution responsible code gives hello world status error return valuethe main function returns output std course 
Rock paper scissors,Get Help C++ hi got time rock paper scissors game wrong output anyone see rand n std cout cin user null int computer trying figure make code shoot srand std cout terminated otherwise code block win n conditions gets executed every time remember also runs probably please see condition hope comments else statement thanks want paper beats rock need helps response statements thought written test another confused compile much semicolon 
Sorting Hat quiz question,Get Help C++ see used say max screen shot lost statement curly braces function later would need sort even changed give call something called anything bit confused going letting us gryffindor good practice expected thing soley discovered include kb still worked tell picture running correspond variable house name png pm greater placeholder string steve value understanding sorting hat project case missing zero left declared used string house use ie add slytherin give name ravenclaw know one different winner hufflepuff integers make cases greater max gryffindor beginning output points without say std cout 
Using Loops & C++ for audio plugins,Get Help C++ two part question got would need book called designing audio effect plugins get specific types courses instead bought advanced maybe particular spending however many years loop takes real world examples starting simple functions c thanks trying figure intermediate level books important using loops likely used repeat may come together anyone know creating topics learn anything section advance beginner code aware plugin development basics programs make sense learning point skipping ahead cover mastering develop different note comes see could would need instead probably use recognize tool like real world examples thing starting figure answer list simply write likely used gender loop section knife hand per contact lets say creating someone check every data entry types pseudo code get giant way less work instance one feel thousands separately happy coding trough repeat ability turn allows make sense reasons male contacts got playlist information female specific might second question give know maybe statement using loops following things helps getting programs customer want impossible eventually document songs c put quick simple example hope tho trying another may come together million name two documents randomly choose millions cut bread 
Cin>> for Water Plant,Get Help C++ hi input user cin water plant exercise going straight appreciated whether passing understand thanks want succulent amount trying using std days final output able use however roughly noticed previously different options exercises back help would tried happening edit is succulent false enter int days codecademy terminal true different compiler user input return intended using std cin else ran little water give instead plant bool is succ elaborate mentioned many ago cout needs water n whether going straight worked fine statement succulent time running expecting include define able run yes program appears string expect main well bypassing working everything go ahead 
Trouble with exercise,Get Help C++ exercises exercise c wrong courses hints put inbut com scope functions codecademy answer action help plus flexiblity learn lessons solutions programs right https www says cpp multifile resume content item believe helps happy coding hope code check comment 
C++ output,Get Help C++ hello exercises nwhere input n c std cout codecademy courses com console action plus learn lessons code obtain https www cpp world yields output result resume content iteminputting used helps use hope wrong slash escaping character backslash key instead forward 
Functions: Scope & Flexibility Lesson 2 Grader not recognizing function declarations,Get Help C++ separate file provided function definitions hi also compile properly sure declarations difficulties current lesson regarding functions spanning multiple files see title advance thanks code grader still asks follows something wrong please post seems could exercises sct exercise c link courses parameter names com scope lists addition hope functions expecting codecademy programs sorry plus helps flexiblity learn lessons https www cpp multifile types 
Temperature lesson problem,
What is wrong with my palindrome function?,Get Help C++  size hi std string reversed text exercise text else wrong return true c thanks bool is palindrome stuck tell anyone cout madam n ada lovelace code int main palindrome function part newcomer false position index wrong statement reversed text modification empty string operator included results int address happy coding character get loop thought using current expression first method expect code reversing text works characters stop condition third add orthodox would size lot peeking one last thing understand food make helps please try correcting issues original indexes start reason nice weekend like initialized subtract hi second exist previously mentioned continue iterating proper hope madam thanks necessary changes want giving 
What do I do after I’ve completed the C++ course?,Get Help C++ year able completed tips job get want end c course codecademy move jobs html thank go make something welcome hello job four take modules launch gives hard worker worry applying accept someone like bit c also going next months journey react find startups looking forward def thinking algorithms maybe try python one language read everyone usually keep learning question interesting website design courses day care review end node require stay open get challenges hey languages would remember willing biirra said need creators thought mean time answers type css know javascript sonny inspiring story always ask code definitely community college fellow codecadamy learner prepared made upcoming experience git work taken working every practicing general things express sharp hire lot taking good functions little codecademy show reply ejs ect able start similar writing two learn never sure since asking well much cheers tuned course three year means objectblaster practice certification com trying java ways toward vectors rejected least hour cs katas codewars thanks want new come enough improve decent js plan portfolio others 
Having trouble with the functions code challenge ‘introduction’,Get Help C++ correct output told void introduction incorrect string last name cout using namespace std define code include first name help beyonce knowles gives reason much appreciated iostream endl int main see looking pasted thank ah found pain match use exercise good luck challenge hint suggest languages byteblaster know cannot enter work perfectly also correct appears pass solution button particular lesson back real world scenario c expecting next still codecademy cases like rusty using namespace std fix hopefully endl reset proceeded code venues several years ago check mark copied statement would results expected syntax sometimes even submitted great added preferred way much happy coding originally learned midlindner earn without clicking bug report cout course 
Code Challenge/C++ Functions/Palindrome - Help,Get Help C++ see solution accepted without clicking exercises challenge c following code courses is palindrome com notice editor make sure sonnynomnom correct need button functions error spelled palidrome throughout codecademy order fixed define hopefully plus start learn lessons spelling correctly word palindrome https www point cpp cc function issue palindromethis particular greatly appreciate know sure future lesson participants flagging fixed bugs thanks let getting fast midlindner 
C++ new section 7 & 8,Get Help C++ far new section yet website seen per uploaded sections appear course c coming next tuesday 
New topics,Get Help C++ pointers would well may th added classes says anyone know new content course page objects c coming may th 
Test,Get Help C++ check funktion test post well al behold works 
Can someone explain this pseudocode line by line? I found this code online and is about to learn the basic parallel merge sort,Get Help C++ break check processors pragma omp section could n start int tempi temp merge char size max threads rand string insertion sortvoid omp get num procs available printf array i return cpu argv null nsorting threads wtick main void mergesort parallel omp two sorted sub begins recursive double end small arrays implementation dependent driver run omp omp get nested avarage time random initialization implementtion error sort openmp omp get thread num mergesort serial i max omp get wtime get arguments j execute multiple sections else number requested serial omp get wtick insertion sort omp get max threads subarrays enable nested parallelism malloc thread allocate allocation stdio v sizeof switch proper execution ntime taken include srand atoi n use nend call version program nprocessors omp set nested copy argc warning unavailable f omp set num threads f given memcpy idle desired must availability puts parallel mergesort work properly cannot wtime nprocesses essential change num threads h usage define switches stdlib nmergesort success process speed result others implement probably best really ugly c code written proficient cpp even look language honestly find learn unless plain english algorithm fact sorting better example attempt trying 
Whale Talk - Question about ‘if’ placement,
#include not working locally,
Rock Paper Scissors,
C++ Switch/Case/Break/If else logic question,Get Help C++ house ravenclaw someone suggested input hufflepuff could stack overflow use switch de finition ken string gethouse else slytherin max asked explain gryffindor enum expected error c lesson return revenclaw case std none eror gave didnt work int break instead sortinghat default cpp tried function main allowed end sorting part mainadd main https en error saying undefined reference try adding close cppreference string com w language header place thewith another code since cpp switch know c sry main functioni dunno bottomwhat include left 
Expected initializer before `int` Int main,Get Help C++ different files happening declare int main png cannot see nothing kb expected initializer think image functions error defined trying everything sh us show see spoiler could missing click hpp ufo common procedure nothing wrong post thanks error end game file std string answer necessarily originate test environment codeword wording two files c shell online site code editor try running function declaration default never touched ufo functions imagine confused starters look closely might cpp codes putting end like 
Where is c++ used except making computer programs?,Get Help C++ note g mean microwave oven one everything e car radio really curious c want uc browser shareit washing machine written games context meant find book books everywhere used systems etc read used c language quick google search almost found java level languages think specifically microwave oven programmed right everything required also linux today car radio example washing machine written entrance fully based literally embedded devices find device drivers microcontrollers microcontroller electric anything higher interesting iot guessed know yes systems world programming advent 
After c++ course what to do next?,Get Help C++ programs make something go game say finishing new modules snake use wait text based close c course console build com interface open source gui framework https stackoverflow user plenty graphical extended reading questions check c thanks 
Vectors Review - code not working,
Undefined reference to main even though i did everything,Get Help C++ forgot jpg kb ff got could e pm rewrote wrong c de d befb bugs everything asked typing mistakes trying a ae help sorting hat quiz thing execute whole wanted compile made instructions tried crying add anything important check f e sleep clicking thank return expert work press save part time main function always seem bottom initially got project worked guess instructions misery fine possible hope c error button course running good looking problem remains great question helps examples however code editor reason tutorials subject best went added much cpp tried explanation working solving g sortinghat past end actually taking click 
C++ Vectors .size(),Get Help C++  std vectorstd string grocery push back hot pepper jam artichoke cout terminal dragon fruit size n pressed run include int main brussel sprouts add moregrocery write tulip thank std vector push back http www great answer hint exercise reference com one new element added four next elements incremented method cplusplus use size documentation current last add values adds much adding welcome question argument factoradic initialized grocery end later line 
Community thoughts on the new C++ course?,Get Help C++ course feels hi programming personally basics c rather like everyone else think happens arithmetic write see thank used almost intensive little short job learned real fun stuff starts knowing helps yeah personally like everything new programming language okay problems please important position tell variable types rd actually one hey taken quizzes years rd module going live run hello right yea whole course adding th wait february everyone seems yes think weeks people get relearn cppi mean remember wrappers need let definitely help following monday sorry excuse family person makes money learn natural languages seem yay cos literally glad expect code th would finished content ok stated two conversation working check coming next week started got start offering large coffee etc add bad thing know getting modules guess bluemanning complete lot love c either game creation patient sounds good ask posts loops coding field cc leader basics objects conditionals well much control flow basis pretty disappointing purpose libraries said big move welcome learning also cpluspluscoder data syntax probably hope relearning released time goes want saidwe cheese may excited holidays something planned improve bread january far advanced functionality info coursework opinion enjoy great platform says email speak update tommorow 
11. Getting a Header Yourself,Get Help C++ code asks properly declare put cpp file console still gives one also header error though lesson functions bug declarations getting main included tell even looked continue lets hpp function definitions believe scope nan 
How to represent a 2D Matrix using a Linked Nodes Data Structure,Get Help C++ also says row nodes column upper triangular matrix using linked data structure index link corresponding know store thanks want d c node contains question tells help access values indicator anyone suggest represent particular non zeros uses different rows together really need begin starting point nan 
I need help with this assignment as a beginner i have no idea that what do in this case kindly anyone of you help me,Get Help C++ write enter input vehicle add get loop following marks informed handling traffic situation value comes required passed range solution needs display three categories driving test entered prompted basic idea student user checking instructor passing decide whether category given hand failed candidate valid unless program hint use see op one must time took mind debugging code could meet muhammadsufyankhan send love would take expectations hey pangs screenshot learn c ur parse u ideas compose first modules 
Error on C++ “Vectors” Quiz,Get Help C++ jpg kb given answer would make sense characters quizerror delivery order existent vector hello fyi non pushed ca hollowman great catch fixed 
C/C++ plot a graph,Get Help C++ x using c values plot graph l calculate different given f html trouble time index take demos simple plots demo know http www reminds let still gnuplot makhoe screenshots hey info look try spending python matplotlib check 
Does Codecademy plan to add to the C++ Course?,Get Help C++ go loops seems able ideally add learn codecademy plan breeze c course like done python thank yes challenge c vectors com coming hope functions eta live codecademy list helps modules course soon finally plus bottom also overview page future updates screenshot articles https www least awesome free community 
Need help with my current assignment,
Learn C++,Get Help C++ hi lessons modules c course would codecademy add coming tommorow added next lesson two updates list monday vectors going think functions exactly actually said february c 
Help with a lesson,Get Help C++ std cout n cin planet sure exercises found c mars fight else courses string terrminal venus project weight com right complete going uranus conditionals understand saturn problem jupiter codecademy im logic action someone try help plus errors learn lessons double neptune code include int main type resume content itemso trying https www nvm pretty everything cpp thingsthis review earth nan 
Problem with C++ lesson,Get Help C++ used spell cpp wont work one fix problem plz help says reset exercise lessons moved us grantmcg please fix exercise report browser make sure second time thanks bug error reproduce using hey c reason went hmmm sonnynomnomthis 
C++ Lesson Glitch/Error,Get Help C++ lesson learn c anyone knows open solve one certain folder called realizing need couldent finish problem wondering issues experienced lessons please reply says could help provided see using myprogram rename compile execute typing flag want c main cpp run anything shell file try ls 
C++ MinGW install,Get Help C++  mingw little box user going follow along installing video variables opens selecting path variable value com editing name new watch edit environment gives option pops trying windows click current window one line fill v enter bin feature shows https www youtu youtube setting gxhlerblgi sure gui splits add spotted would editing windows user new variable probably path displaying option bug onethe video edits current one supposed weeird assume lot shorter imagine example different character might use entries hm looks similar currently like separate 
C++ learning,Get Help C++ make course teaches c guys going see clue really good way take computer decent language features something project said somewhere varibles types basic needs compile c code virtual machines differs online judges like uva list supposed would also actually thought things tutorial subset example java run assignment head place think tools approach thats probably always first program wait brief overview later net looking get much better error messages huge books somebody might need hours suggest checking languages math path start writing int string double covers loops cin say maps bit sets number one resource thoughts definitely including headers boolean operators files pointers references cstrings casting classes templates particular person learning watching lectures world working shoot programming appropriate anyway wrote certain website google otherwise read solve judge problemsthe fastest use work compiler still let advantage others youtube viedo know matter want takes lot courses already make amazon course minutes learn starting basics limiting keep foot wise file safe ubuntu instances approximately great textbook called mentor whitch listing topics practice found perhaps buy bottom half objects close regardless cout arrays vectors best oneit seems presently order googling even assume knowledge find spoj sane well made however arbitrary hello rather easy ones go happen absolute crutch around another unless etc hugely dependent none staff simple control structures statements ternary top 
Bring C++ free course,Get Help C++ teaching learn c bring free course fact people java teaches users would really love cpu works generate efficent code plans low level language codecademy easy used even rust perhaps explained options syllabus small steps learn something industry learned take wrong suggestion mean sure codecademy lead uploaded tomorrow might right everything instance python grease okay letting low level language featured sometimes vuejs c tell variable types college still spoonfeeding direction advice rather interactive learning experience teaches either links modern microprocessor php monday oops online compiler langauge teach spoon feeding np website return line inside everyone complicated programming languages today think one lesson get started people yeah outside remember also web assembly khan academy like doesmay must need wow thanks let function carried chance frameworks shunted two courses completion cc facebook group xd haha absolute advanced answers higher abstractions prototyping premium user plus insight way another site requested awesome bring free coursethere plenty narrative account related ways java skin type derivative learners find anything check could suggest trying codewars spring asks main functionit current course chapters sites gaming stetim stated work achieved teraplayer we end development redocument terrible plans lot within different segments teaching know complex without using bugs really want maybe already broken going explain make sense good ruby offer forced ask shared sharp edge cutting topics surely back topic would love keep practicing tutorials platforms articles suggestions experiencethe allows https www requires least much eventually golang decorator whatever code instead googlethere cheers deals webassebly basis exception estimation poll questions com mostly focuses coderanks polishing exists stuff little bit vague order may presentation including module improve hard search wheel js difficult far doesyou however beginner ported first codecadmey reinvent totally example tiny thing opinion via platform look curious since speak announce fit top 
